parameter,rhat_pct,max_rhat,min_rhat,mean_ess,model_name,league
alpha,1,0.9996520677196395,0.9996520677196395,7638.874413219796,model_1,AK
sigma_a,1,0.999734523235094,0.999734523235094,6280.812134562627,model_1,AK
sigma_m,1,1.00133954339292,1.00133954339292,4723.234067171204,model_1,AK
sigma_t,1,1.0009559807896946,1.0009559807896946,5689.410817979954,model_1,AK
theta,1,1.0011540465256046,0.9994690683621178,5553.111307976181,model_1,AK
alpha_intercept,1,1.0040630385947789,1.0040630385947789,1859.053095604496,model_2,AK
alpha_trend,1,1.0005885665577088,1.0005885665577088,3760.3492619042863,model_2,AK
sigma_ai,1,1.0010958521846265,1.0010958521846265,2421.4092321255853,model_2,AK
sigma_at,1,0.9998521715341498,0.9998521715341498,6317.997112507432,model_2,AK
sigma_m,1,0.9998329082774556,0.9998329082774556,3775.937904415191,model_2,AK
sigma_t,1,1.0011728448960262,1.0011728448960262,2487.6255823116335,model_2,AK
theta,1,1.0079994723199543,0.9995119894684684,1574.8259519145236,model_2,AK
alpha,1,1.0008529295978426,0.9994129772593632,6434.595095789561,model_3,AK
sigma_a,1,1.0022055927219562,1.0022055927219562,1108.3946461496869,model_3,AK
sigma_m,1,0.9997870139053738,0.9997870139053738,4827.362917021204,model_3,AK
sigma_t,1,0.9998131234545644,0.9998131234545644,4470.196654006088,model_3,AK
theta,1,1.0024992630114005,0.9993614265056752,3824.681445501247,model_3,AK
alpha,1,0.9996659384592176,0.9996659384592176,8756.558223685543,model_1,AL
sigma_a,1,1.0000791482658915,1.0000791482658915,7550.497984957216,model_1,AL
sigma_m,1,1.000551672722208,1.000551672722208,4305.258979439582,model_1,AL
sigma_t,1,1.0010737219927537,1.0010737219927537,4010.3933012597968,model_1,AL
theta,1,1.0039390836996869,0.9993811571663688,5090.181909503363,model_1,AL
alpha_intercept,1,0.9995200437186592,0.9995200437186592,6792.759172290454,model_2,AL
alpha_trend,1,0.999967671281497,0.999967671281497,6473.744108262126,model_2,AL
sigma_ai,1,0.999397749226809,0.999397749226809,9089.46735515692,model_2,AL
sigma_at,1,0.9997640724960002,0.9997640724960002,6848.46227188801,model_2,AL
sigma_m,1,1.0013848331526285,1.0013848331526285,3469.3873717077504,model_2,AL
sigma_t,1,1.0023014426810506,1.0023014426810506,2379.9452355231806,model_2,AL
theta,1,1.0065054377705536,0.999361892736538,4024.449865073709,model_2,AL
alpha,1,1.0004334665269032,0.9994818688488584,9208.403403064052,model_3,AL
sigma_a,1,0.999965091901839,0.999965091901839,5818.745837182394,model_3,AL
sigma_m,1,0.9999676319552324,0.9999676319552324,3778.4318474116526,model_3,AL
sigma_t,1,1.000765659010257,1.000765659010257,2254.1949568013247,model_3,AL
theta,1,1.0090373873520515,0.9993693270810396,3255.5033656124,model_3,AL
alpha,1,1.0006154178019089,1.0006154178019089,6772.289939269825,model_1,AR
sigma_a,1,0.9994495261432028,0.9994495261432028,5797.717210062921,model_1,AR
sigma_m,1,0.999941688478076,0.999941688478076,4137.752022972446,model_1,AR
sigma_t,1,1.00077850795081,1.00077850795081,1627.3528606887269,model_1,AR
theta,1,1.0100610820181628,0.9993598288742028,2601.6845680224646,model_1,AR
alpha_intercept,1,1.0008774739165045,1.0008774739165045,3050.0671035990554,model_2,AR
alpha_trend,1,1.000799612291446,1.000799612291446,2875.299077664271,model_2,AR
sigma_ai,1,0.9996289149617748,0.9996289149617748,5123.882109970324,model_2,AR
sigma_at,1,1.000460329336691,1.000460329336691,5685.76955128311,model_2,AR
sigma_m,1,0.9997259888365484,0.9997259888365484,3799.5641723473327,model_2,AR
sigma_t,1,1.000530546367722,1.000530546367722,1903.6522929300177,model_2,AR
theta,1,1.0082408918650985,0.9993967246512642,2335.5840917216788,model_2,AR
alpha,1,1.0005792956103448,0.999385725037106,5885.329644552794,model_3,AR
sigma_a,1,1.0006322323423782,1.0006322323423782,4099.783847040357,model_3,AR
sigma_m,1,1.0015138705664384,1.0015138705664384,4180.230874758613,model_3,AR
sigma_t,1,1.002549843638593,1.002549843638593,1483.8565776893895,model_3,AR
theta,1,1.009522875283394,0.9994571024988737,2194.720179784729,model_3,AR
alpha,1,0.999735447117259,0.999735447117259,5403.861893962046,model_1,AZ
sigma_a,1,1.0006860042546355,1.0006860042546355,5078.9314905219535,model_1,AZ
sigma_m,1,1.0004438323957758,1.0004438323957758,3898.7711585065617,model_1,AZ
sigma_t,1,1.0040557287049414,1.0040557287049414,1275.3384263851954,model_1,AZ
theta,1,1.015033345629212,0.9994278384854638,1245.0038828684856,model_1,AZ
alpha_intercept,1,1.00015091592588,1.00015091592588,3190.4378276187917,model_2,AZ
alpha_trend,1,1.0002678811163463,1.0002678811163463,3164.3620333118192,model_2,AZ
sigma_ai,1,0.9999056561538364,0.9999056561538364,6979.562628448011,model_2,AZ
sigma_at,1,0.9995387859917654,0.9995387859917654,6854.810044381262,model_2,AZ
sigma_m,1,1.0015305328848365,1.0015305328848365,4548.389375497461,model_2,AZ
sigma_t,1,1.0027697664575013,1.0027697664575013,1365.9821759945044,model_2,AZ
theta,1,1.0147992834111497,0.9994814394773254,1248.0943982685076,model_2,AZ
alpha,1,1.0008294113468867,0.9993898504297236,5864.55742414827,model_3,AZ
sigma_a,1,1.00007622774143,1.00007622774143,4549.591981184089,model_3,AZ
sigma_m,1,1.0028389727048892,1.0028389727048892,3585.229736365461,model_3,AZ
sigma_t,1,1.0026613366591022,1.0026613366591022,2607.4092158864432,model_3,AZ
theta,1,1.007866812791219,0.9993723855453812,3052.3252470815314,model_3,AZ
alpha,1,0.9996305928562972,0.9996305928562972,8971.275411711276,model_1,CA
sigma_a,1,1.000198371302082,1.000198371302082,6996.484791743383,model_1,CA
sigma_m,1,1.0009479620544943,1.0009479620544943,3441.241075565617,model_1,CA
sigma_t,1,1.0014401867256446,1.0014401867256446,2455.912370149794,model_1,CA
theta,1,1.0061056947051892,0.9993994356297692,2905.3680309980105,model_1,CA
alpha_intercept,1,1.0005030724256243,1.0005030724256243,5130.1577488107805,model_2,CA
alpha_trend,1,1.0002727551953636,1.0002727551953636,4950.1324884001415,model_2,CA
sigma_ai,1,0.9998181700185644,0.9998181700185644,7262.235318196988,model_2,CA
sigma_at,1,0.9997805161840884,0.9997805161840884,6715.211671091541,model_2,CA
sigma_m,1,1.0011372436219332,1.0011372436219332,3246.311128389982,model_2,CA
sigma_t,1,1.0001684917078206,1.0001684917078206,2811.125563604654,model_2,CA
theta,1,1.00754966236831,0.9993925942009008,3062.960828898375,model_2,CA
alpha,1,1.0001385256440236,0.9994113578008657,8699.979485871389,model_3,CA
sigma_a,1,0.999658416838855,0.999658416838855,6981.017066825993,model_3,CA
sigma_m,1,1.0008366087564868,1.0008366087564868,3411.154190636484,model_3,CA
sigma_t,1,1.000575870961175,1.000575870961175,2592.0192937264032,model_3,CA
theta,1,1.006151574989869,0.9993899032853152,3093.121942828839,model_3,CA
alpha,1,1.0012315821401565,1.0012315821401565,5797.914219714841,model_1,CO
sigma_a,1,1.0013918061162843,1.0013918061162843,5537.6425242029845,model_1,CO
sigma_m,1,1.0000206229455972,1.0000206229455972,3685.636744427302,model_1,CO
sigma_t,1,1.0001358633713535,1.0001358633713535,1586.6190304476252,model_1,CO
theta,1,1.0095885814419323,0.9995103822311328,1694.290978802036,model_1,CO
alpha_intercept,1,0.9999989522426818,0.9999989522426818,6022.631346031581,model_2,CO
alpha_trend,1,1.0001595913223185,1.0001595913223185,5883.205454837852,model_2,CO
sigma_ai,1,1.0000959703004275,1.0000959703004275,7869.704569191171,model_2,CO
sigma_at,1,1.0003899286944322,1.0003899286944322,6332.050571694949,model_2,CO
sigma_m,1,0.9997766357891978,0.9997766357891978,4108.1402712533845,model_2,CO
sigma_t,1,1.0028899346652589,1.0028899346652589,3303.8980667991923,model_2,CO
theta,1,1.0040010461222948,0.9993778428837056,3175.8857877491237,model_2,CO
alpha,1,1.000796415952428,0.9994445589948288,5935.289800508711,model_3,CO
sigma_a,1,1.000026674875392,1.000026674875392,4132.693090608309,model_3,CO
sigma_m,1,1.0003430587552935,1.0003430587552935,3316.2034827948487,model_3,CO
sigma_t,1,1.0009340929322248,1.0009340929322248,2241.9880870803477,model_3,CO
theta,1,1.0084928627104337,0.9994688504344144,1924.0617038689888,model_3,CO
alpha,1,0.999662894649776,0.999662894649776,4382.047456469703,model_1,CT
sigma_a,1,1.000412176607123,1.000412176607123,4865.933605235929,model_1,CT
sigma_m,1,1.0007249653308448,1.0007249653308448,4615.06035553127,model_1,CT
sigma_t,1,1.0011360791868025,1.0011360791868025,2357.0063285183564,model_1,CT
theta,1,1.010327597187441,0.9996891451212884,1283.7489134424177,model_1,CT
alpha_intercept,1,1.000272041659867,1.000272041659867,2717.911178525814,model_2,CT
alpha_trend,1,1.0005025754525556,1.0005025754525556,2718.6871052265337,model_2,CT
sigma_ai,1,1.0003919719845935,1.0003919719845935,4696.606672915562,model_2,CT
sigma_at,1,1.000229891249319,1.000229891249319,4712.564634045806,model_2,CT
sigma_m,1,1.0011885822154238,1.0011885822154238,4755.817711978341,model_2,CT
sigma_t,1,1.0007002872055233,1.0007002872055233,2407.5488717309763,model_2,CT
theta,1,1.00967288047953,0.9995829394103454,1378.289476080465,model_2,CT
alpha,1,1.001110402821331,0.9994625610594448,4942.33140358185,model_3,CT
sigma_a,1,0.9996047797994388,0.9996047797994388,3757.7318882617737,model_3,CT
sigma_m,1,1.0002081258237,1.0002081258237,4934.787961472065,model_3,CT
sigma_t,1,1.0019495089366617,1.0019495089366617,1907.2531369299925,model_3,CT
theta,1,1.0174211076412196,0.9994196584814362,1258.6120688678848,model_3,CT
alpha,1,1.0001979591734704,1.0001979591734704,8444.466251746675,model_1,DE
sigma_a,1,0.9998894477905894,0.9998894477905894,8762.272920873163,model_1,DE
sigma_m,1,0.9996428289717024,0.9996428289717024,6228.837439022089,model_1,DE
sigma_t,1,1.0001066263427671,1.0001066263427671,4889.4527502987185,model_1,DE
theta,1,1.0051887967045972,0.999493014172838,1958.781615347938,model_1,DE
alpha_intercept,1,1.0006827022822204,1.0006827022822204,2516.1299500643067,model_2,DE
alpha_trend,1,1.0012625708147505,1.0012625708147505,2412.383740213485,model_2,DE
sigma_ai,1,1.0004590136941849,1.0004590136941849,3841.7350310844104,model_2,DE
sigma_at,1,0.9998260617990564,0.9998260617990564,5399.672547431158,model_2,DE
sigma_m,1,0.9999925348999598,0.9999925348999598,5074.327483437458,model_2,DE
sigma_t,1,1.0010689169756324,1.0010689169756324,2148.8657516599856,model_2,DE
theta,1,1.021344965646843,1.0000463314716428,1020.0941351982927,model_2,DE
alpha,1,1.0012931292025722,0.9994898943085304,6514.6480536046865,model_3,DE
sigma_a,1,1.0012534454869062,1.0012534454869062,1389.0784478498033,model_3,DE
sigma_m,1,1.0001509353429987,1.0001509353429987,5634.233468842687,model_3,DE
sigma_t,1,1.0005838523566914,1.0005838523566914,4171.484160498675,model_3,DE
theta,1,1.0073467561157166,0.9994196586280336,1632.3644262545388,model_3,DE
alpha,1,1.000032833101515,1.000032833101515,6234.807923604947,model_1,Div II
sigma_a,1,0.9998632505998524,0.9998632505998524,5983.142086306405,model_1,Div II
sigma_m,1,1.000424241574677,1.000424241574677,5121.845558628574,model_1,Div II
sigma_t,1,1.0003343993192169,1.0003343993192169,3523.100674887639,model_1,Div II
theta,1,1.005909777337329,0.9994704339246928,2497.1044195700547,model_1,Div II
alpha_intercept,1,1.0005734360709184,1.0005734360709184,2890.2266701030553,model_2,Div II
alpha_trend,1,1.0005776995996452,1.0005776995996452,3024.7340022135263,model_2,Div II
sigma_ai,1,0.9996255081372456,0.9996255081372456,6197.343534114856,model_2,Div II
sigma_at,1,0.9997723606729362,0.9997723606729362,5468.376092264185,model_2,Div II
sigma_m,1,0.9997108878112784,0.9997108878112784,6057.7915881786,model_2,Div II
sigma_t,1,1.0005613303701544,1.0005613303701544,3291.0617765808324,model_2,Div II
theta,1,1.0084766852033875,0.9994425426283592,2324.227930282238,model_2,Div II
alpha,1,1.0005921575552392,0.9994449890256242,6411.972581714862,model_3,Div II
sigma_a,1,1.0009952058318667,1.0009952058318667,4485.814346854471,model_3,Div II
sigma_m,1,1.000687903786767,1.000687903786767,5200.998989648259,model_3,Div II
sigma_t,1,0.999774870142759,0.999774870142759,4193.992019401141,model_3,Div II
theta,1,1.005533227342101,0.9994077313782128,2968.0141784764783,model_3,Div II
alpha,1,0.9998596279962072,0.9998596279962072,7152.658834275032,model_1,Div III
sigma_a,1,0.999766806899133,0.999766806899133,6795.678699632073,model_1,Div III
sigma_m,1,0.9996848383716308,0.9996848383716308,5125.19885659233,model_1,Div III
sigma_t,1,0.9998162814462204,0.9998162814462204,5269.441548738444,model_1,Div III
theta,1,1.0029711657129443,0.9994013007920204,4764.898065382771,model_1,Div III
alpha_intercept,1,0.9994732490249428,0.9994732490249428,6420.088004214195,model_2,Div III
alpha_trend,1,0.9996942737644926,0.9996942737644926,6378.232189618098,model_2,Div III
sigma_ai,1,1.000140324085491,1.000140324085491,8163.2890854503185,model_2,Div III
sigma_at,1,0.9997080688016476,0.9997080688016476,7449.983429931447,model_2,Div III
sigma_m,1,1.0002302391253226,1.0002302391253226,5218.731645886993,model_2,Div III
sigma_t,1,1.0005332416824286,1.0005332416824286,4352.208645493128,model_2,Div III
theta,1,1.0033119632572929,0.9993910671579632,4114.193043757108,model_2,Div III
alpha,1,1.0006447195981572,0.9994767178978544,6098.432555348135,model_3,Div III
sigma_a,1,1.001886104108612,1.001886104108612,4989.866630316476,model_3,Div III
sigma_m,1,1.000156736103958,1.000156736103958,4859.759799835169,model_3,Div III
sigma_t,1,1.0001866375907542,1.0001866375907542,3126.16861149658,model_3,Div III
theta,1,1.0085376078648127,0.9993630355037884,2426.3595412555487,model_3,Div III
alpha,1,0.9997886344132194,0.9997886344132194,5886.608931280047,model_1,FBS
sigma_a,1,1.0001679586071488,1.0001679586071488,7956.239083510082,model_1,FBS
sigma_m,1,0.9996980618822332,0.9996980618822332,8007.763159173676,model_1,FBS
sigma_t,1,1.0002027000702736,1.0002027000702736,4447.2840974172605,model_1,FBS
theta,1,1.0028679440669357,0.9993625304389973,4911.36765432884,model_1,FBS
alpha_intercept,1,1.0009336184214337,1.0009336184214337,2969.4305630246126,model_2,FBS
alpha_trend,1,1.0004715232159616,1.0004715232159616,3069.9416053099276,model_2,FBS
sigma_ai,1,0.9997464724086254,0.9997464724086254,7579.571638317935,model_2,FBS
sigma_at,1,1.0004416898542063,1.0004416898542063,6457.61545236686,model_2,FBS
sigma_m,1,0.9999540311607132,0.9999540311607132,6579.916053628113,model_2,FBS
sigma_t,1,1.00060106680665,1.00060106680665,3249.9453099624857,model_2,FBS
theta,1,1.002628839235549,0.9993790179424644,4615.929584291295,model_2,FBS
alpha,1,1.0006849858281504,0.9995033185454986,7382.080662312651,model_3,FBS
sigma_a,1,0.9998952488249884,0.9998952488249884,5785.32432966228,model_3,FBS
sigma_m,1,0.9997658131794008,0.9997658131794008,5710.2314569528735,model_3,FBS
sigma_t,1,1.0003522043853408,1.0003522043853408,3687.629690542144,model_3,FBS
theta,1,1.0031033691209137,0.9993890762408176,4705.757736317733,model_3,FBS
alpha,1,0.9997321502863108,0.9997321502863108,5038.928159681982,model_1,FCS
sigma_a,1,0.999696328859742,0.999696328859742,6779.59588394216,model_1,FCS
sigma_m,1,1.0012462367951225,1.0012462367951225,5137.899630946081,model_1,FCS
sigma_t,1,1.001726751675828,1.001726751675828,2211.4712789399723,model_1,FCS
theta,1,1.0041777137482717,0.9993764851419744,3384.274954362042,model_1,FCS
alpha_intercept,1,0.9998421250298388,0.9998421250298388,3112.213749071939,model_2,FCS
alpha_trend,1,0.9996821188584292,0.9996821188584292,2965.2725242539723,model_2,FCS
sigma_ai,1,1.0002484093240172,1.0002484093240172,6819.378283169772,model_2,FCS
sigma_at,1,0.9999170098218229,0.9999170098218229,6302.034024292287,model_2,FCS
sigma_m,1,0.9998865797847246,0.9998865797847246,5981.303999542666,model_2,FCS
sigma_t,1,1.0006876140973722,1.0006876140973722,2960.773183334413,model_2,FCS
theta,1,1.0031807099925172,0.9993705213787132,4157.260178046621,model_2,FCS
alpha,1,1.0006560673519702,0.9994615514620429,6702.737503149061,model_3,FCS
sigma_a,1,1.0004068234320194,1.0004068234320194,4874.755719059966,model_3,FCS
sigma_m,1,0.9996447014577372,0.9996447014577372,4554.116545011134,model_3,FCS
sigma_t,1,1.0011856183382102,1.0011856183382102,2638.729031250113,model_3,FCS
theta,1,1.0042763730236923,0.9993586587601808,3614.589974969272,model_3,FCS
alpha,1,0.9998218927175604,0.9998218927175604,10521.377470027595,model_1,FL
sigma_a,1,0.999755606483354,0.999755606483354,9431.819952038326,model_1,FL
sigma_m,1,1.0007179262291763,1.0007179262291763,4106.302589704117,model_1,FL
sigma_t,1,1.0010635718598817,1.0010635718598817,2971.263368140318,model_1,FL
theta,1,1.0059123990652392,0.9993791986671924,4067.706009112024,model_1,FL
alpha_intercept,1,1.0004426860245317,1.0004426860245317,5459.006584028053,model_2,FL
alpha_trend,1,1.0003309214045235,1.0003309214045235,4899.6520038111385,model_2,FL
sigma_ai,1,1.0000375593773654,1.0000375593773654,7969.510719536449,model_2,FL
sigma_at,1,0.9994898383279164,0.9994898383279164,6422.408241584269,model_2,FL
sigma_m,1,1.0001201836581903,1.0001201836581903,4154.915522216994,model_2,FL
sigma_t,1,0.9995146116299788,0.9995146116299788,2695.2305809139357,model_2,FL
theta,1,1.0042793399213368,0.9993979622162306,4110.871951032596,model_2,FL
alpha,1,1.0007702176051207,0.9994580315554192,11243.236652311316,model_3,FL
sigma_a,1,0.9999271546426852,0.9999271546426852,6703.886589209938,model_3,FL
sigma_m,1,1.0002096370289506,1.0002096370289506,4500.442026783161,model_3,FL
sigma_t,1,0.999689277234999,0.999689277234999,3674.9303446539143,model_3,FL
theta,1,1.0048884654473031,0.9993601137476092,4139.762215322613,model_3,FL
alpha,1,0.9996376309566108,0.9996376309566108,10256.249431614147,model_1,GA
sigma_a,1,0.9997308782036848,0.9997308782036848,7518.371471638613,model_1,GA
sigma_m,1,1.0003088352811984,1.0003088352811984,4586.466576389437,model_1,GA
sigma_t,1,1.0010139781523226,1.0010139781523226,4261.432927811989,model_1,GA
theta,1,1.0053964062917888,0.9993593267159772,4521.395436627558,model_1,GA
alpha_intercept,1,0.9999193164949556,0.9999193164949556,5705.609238780667,model_2,GA
alpha_trend,1,1.0000222363947977,1.0000222363947977,5278.297316313748,model_2,GA
sigma_ai,1,0.9996268872459172,0.9996268872459172,8783.640017003865,model_2,GA
sigma_at,1,1.0004505100043752,1.0004505100043752,6661.497120321804,model_2,GA
sigma_m,1,0.9998202405799528,0.9998202405799528,4471.99876935057,model_2,GA
sigma_t,1,0.9996495910222888,0.9996495910222888,5395.52052645178,model_2,GA
theta,1,1.006939921556629,0.999378073848502,4690.987664150068,model_2,GA
alpha,1,0.9999529458603874,0.9994818232717958,12237.284148728602,model_3,GA
sigma_a,1,0.9998608867860886,0.9998608867860886,8003.496812790884,model_3,GA
sigma_m,1,0.9998679805126758,0.9998679805126758,5214.9132400020435,model_3,GA
sigma_t,1,0.9998341274894594,0.9998341274894594,5161.892428061529,model_3,GA
theta,1,1.0044439052799576,0.9993693938096948,4660.340623341556,model_3,GA
alpha,1,1.0003439538770955,1.0003439538770955,6318.245292115549,model_1,HI
sigma_a,1,0.9998020843671468,0.9998020843671468,6499.996911281465,model_1,HI
sigma_m,1,0.9997736806924438,0.9997736806924438,3740.308930395214,model_1,HI
sigma_t,1,1.0002973867136598,1.0002973867136598,1725.9956187928556,model_1,HI
theta,1,1.0077584595182376,0.9995779473117246,1453.2379081688514,model_1,HI
alpha_intercept,1,0.9995121687658732,0.9995121687658732,2856.0568173953725,model_2,HI
alpha_trend,1,0.9995782460404132,0.9995782460404132,2806.6893424459777,model_2,HI
sigma_ai,1,1.0001026034926204,1.0001026034926204,5844.373145104712,model_2,HI
sigma_at,1,1.0000775871132843,1.0000775871132843,5845.512610150817,model_2,HI
sigma_m,1,1.0005190301607656,1.0005190301607656,3085.4313856516733,model_2,HI
sigma_t,1,1.0017316589682743,1.0017316589682743,1343.1317027176267,model_2,HI
theta,1,1.0084123005260262,0.9995176274010804,1256.845292551361,model_2,HI
alpha,1,1.000876057678997,0.99950555427624,5561.039558325748,model_3,HI
sigma_a,1,1.0012771305015538,1.0012771305015538,2281.7778426073346,model_3,HI
sigma_m,1,1.0001030921866314,1.0001030921866314,4049.548450972076,model_3,HI
sigma_t,1,1.003824493143186,1.003824493143186,1651.309055167745,model_3,HI
theta,1,1.0084611184965155,0.9997848042006688,1413.008149711426,model_3,HI
alpha,1,0.9996671697873756,0.9996671697873756,6782.524954312212,model_1,IA
sigma_a,1,1.0001528157450386,1.0001528157450386,5935.615464193696,model_1,IA
sigma_m,1,1.000574165177299,1.000574165177299,4194.7111459552725,model_1,IA
sigma_t,1,0.9994749671754384,0.9994749671754384,6482.947334799721,model_1,IA
theta,1,1.0022604121325842,0.9993517470357934,6421.981670860676,model_1,IA
alpha_intercept,1,0.9998041189765624,0.9998041189765624,5336.244555349491,model_2,IA
alpha_trend,1,1.000007496971559,1.000007496971559,5501.506937925897,model_2,IA
sigma_ai,1,1.0001406816467115,1.0001406816467115,6340.078831590802,model_2,IA
sigma_at,1,1.0000280767240692,1.0000280767240692,5559.84098825837,model_2,IA
sigma_m,1,1.0001759484746835,1.0001759484746835,5076.900103866731,model_2,IA
sigma_t,1,0.9995713131918595,0.9995713131918595,4255.636901908674,model_2,IA
theta,1,1.0055280621844784,0.9993598389286502,3573.5547975490067,model_2,IA
alpha,1,1.0007989623323978,0.9994422188214328,8621.257331591267,model_3,IA
sigma_a,1,0.999889013188948,0.999889013188948,5486.6072671846105,model_3,IA
sigma_m,1,1.0003866085899793,1.0003866085899793,4735.286497512506,model_3,IA
sigma_t,1,1.0000217833513203,1.0000217833513203,6142.437581590077,model_3,IA
theta,1,1.0028019043349783,0.9993829904763996,4926.949005292781,model_3,IA
alpha,1,0.9995494020038748,0.9995494020038748,9124.522344144834,model_1,ID
sigma_a,1,1.0000913135887732,1.0000913135887732,7599.363066638525,model_1,ID
sigma_m,1,1.000612444124668,1.000612444124668,4284.266000951982,model_1,ID
sigma_t,1,1.0015403467238224,1.0015403467238224,2922.911158224064,model_1,ID
theta,1,1.007181051893318,0.9995073920448414,2007.4236936884024,model_1,ID
alpha_intercept,1,1.0017314582442671,1.0017314582442671,3384.6945182935883,model_2,ID
alpha_trend,1,1.0017652314775445,1.0017652314775445,3147.089443456877,model_2,ID
sigma_ai,1,1.0004959360746373,1.0004959360746373,5978.309450384365,model_2,ID
sigma_at,1,0.999674632370548,0.999674632370548,6497.9084268256875,model_2,ID
sigma_m,1,1.0008075127960665,1.0008075127960665,4212.936216975447,model_2,ID
sigma_t,1,1.0031810844135782,1.0031810844135782,2521.8809180472704,model_2,ID
theta,1,1.0086044980132565,0.9997404082718642,1696.726152571916,model_2,ID
alpha,1,1.0019436502964638,0.9994736423472544,7361.39073661943,model_3,ID
sigma_a,1,1.0033953497786865,1.0033953497786865,2570.292914361562,model_3,ID
sigma_m,1,1.0000544177010158,1.0000544177010158,3839.460194065751,model_3,ID
sigma_t,1,1.0002863991320694,1.0002863991320694,2824.8136321954717,model_3,ID
theta,1,1.0051503375633402,0.9994621402991432,1936.2995629679713,model_3,ID
alpha,1,0.9996922796119144,0.9996922796119144,10734.216455241283,model_1,IL
sigma_a,1,1.0002421229861034,1.0002421229861034,7242.009737998133,model_1,IL
sigma_m,1,1.000139428600798,1.000139428600798,4384.038041586245,model_1,IL
sigma_t,1,1.0026952702543372,1.0026952702543372,2663.318241171648,model_1,IL
theta,1,1.0057057917958327,0.9994047654301372,3490.8847415712144,model_1,IL
alpha_intercept,1,0.9999115927409964,0.9999115927409964,4790.75203956341,model_2,IL
alpha_trend,1,1.000358890637012,1.000358890637012,4717.237944140259,model_2,IL
sigma_ai,1,1.0002083489629878,1.0002083489629878,7283.236846618306,model_2,IL
sigma_at,1,1.000100865697838,1.000100865697838,6040.309399621152,model_2,IL
sigma_m,1,1.0013585805332643,1.0013585805332643,4499.516370183395,model_2,IL
sigma_t,1,1.001338109741258,1.001338109741258,3438.909214547586,model_2,IL
theta,1,1.0055771785132837,0.9993923874381327,3627.5812340103753,model_2,IL
alpha,1,1.0009677450593402,0.999525049443613,7967.309103092338,model_3,IL
sigma_a,1,0.9995756064379394,0.9995756064379394,5767.495262685955,model_3,IL
sigma_m,1,1.0004018131160823,1.0004018131160823,4284.0940589134,model_3,IL
sigma_t,1,0.999720641347008,0.999720641347008,3827.25085767551,model_3,IL
theta,1,1.003983541336198,0.9993704552517026,4758.950714005033,model_3,IL
alpha,1,1.000272964520272,1.000272964520272,6847.967746772991,model_1,IN
sigma_a,1,0.9996976489582124,0.9996976489582124,6027.528011498615,model_1,IN
sigma_m,1,0.9996959706391152,0.9996959706391152,4481.182702252795,model_1,IN
sigma_t,1,0.9997504071129932,0.9997504071129932,6730.574044201478,model_1,IN
theta,1,1.0017733699576308,0.99937330401915,6369.660732649804,model_1,IN
alpha_intercept,1,0.9997601510226344,0.9997601510226344,7786.414567110204,model_2,IN
alpha_trend,1,0.999975861189684,0.999975861189684,7499.760633971242,model_2,IN
sigma_ai,1,0.9996112395287826,0.9996112395287826,8560.567887309613,model_2,IN
sigma_at,1,0.9998071233893252,0.9998071233893252,6416.827018589032,model_2,IN
sigma_m,1,0.9999756399787632,0.9999756399787632,4934.709667162272,model_2,IN
sigma_t,1,1.000122336278556,1.000122336278556,3218.127500322252,model_2,IN
theta,1,1.0039145401412024,0.9993971787970644,3489.0735821933445,model_2,IN
alpha,1,1.0000470542949047,0.9994301515216876,12960.679557097132,model_3,IN
sigma_a,1,1.0000289790857726,1.0000289790857726,6592.332062664292,model_3,IN
sigma_m,1,1.0002862753374249,1.0002862753374249,4089.6206052205534,model_3,IN
sigma_t,1,1.001825759645655,1.001825759645655,3260.216088223961,model_3,IN
theta,1,1.0040841590576146,0.9993847091983924,3695.1637662820126,model_3,IN
alpha,1,0.9995561635821264,0.9995561635821264,12518.482318195816,model_1,KS
sigma_a,1,0.9998306113373072,0.9998306113373072,8315.440118281307,model_1,KS
sigma_m,1,1.000078372405924,1.000078372405924,5064.133831422174,model_1,KS
sigma_t,1,0.9996936304839796,0.9996936304839796,4064.249998641225,model_1,KS
theta,1,1.003510351817584,0.999415268117838,3710.906453923168,model_1,KS
alpha_intercept,1,1.0007178079010275,1.0007178079010275,2695.8994834385267,model_2,KS
alpha_trend,1,1.0010326616363616,1.0010326616363616,2670.1614902783313,model_2,KS
sigma_ai,1,1.0003518178972717,1.0003518178972717,4951.861625815391,model_2,KS
sigma_at,1,0.9995604584315466,0.9995604584315466,5203.51828846881,model_2,KS
sigma_m,1,1.0007273794847522,1.0007273794847522,4251.654494130499,model_2,KS
sigma_t,1,1.002274765071197,1.002274765071197,1920.65639476487,model_2,KS
theta,1,1.0107238192560162,0.9994880987420536,1672.1408898834836,model_2,KS
alpha,1,1.0017973757822722,0.9994167432873768,6631.502572763612,model_3,KS
sigma_a,1,0.9999648672038476,0.9999648672038476,3944.665152091437,model_3,KS
sigma_m,1,1.0006153483133975,1.0006153483133975,4174.091436334851,model_3,KS
sigma_t,1,1.0015701963017074,1.0015701963017074,2766.979546847095,model_3,KS
theta,1,1.0071771988180225,0.9994324247424148,2274.9989471022186,model_3,KS
alpha,1,0.9995917143161824,0.9995917143161824,7929.546718433155,model_1,KY
sigma_a,1,0.9999084350458268,0.9999084350458268,5790.881286011386,model_1,KY
sigma_m,1,1.0002376365153087,1.0002376365153087,4690.280010977322,model_1,KY
sigma_t,1,0.9998146143095654,0.9998146143095654,5257.165873959881,model_1,KY
theta,1,1.0059387431399078,0.9993883758336218,2593.8977858770945,model_1,KY
alpha_intercept,1,1.0005119764641432,1.0005119764641432,3814.7064073864663,model_2,KY
alpha_trend,1,1.0013676373203937,1.0013676373203937,3758.4732403256007,model_2,KY
sigma_ai,1,0.999709633273886,0.999709633273886,7111.967730152404,model_2,KY
sigma_at,1,0.9999984658644038,0.9999984658644038,6170.458159381119,model_2,KY
sigma_m,1,0.999882584349352,0.999882584349352,5590.24088600361,model_2,KY
sigma_t,1,0.9997156842563726,0.9997156842563726,4493.5097000997,model_2,KY
theta,1,1.0118472516136288,0.9994292599189856,2340.11459571131,model_2,KY
alpha,1,1.0004893852526189,0.9994138935815654,6395.562761348635,model_3,KY
sigma_a,1,1.0001415395867337,1.0001415395867337,5014.669559096022,model_3,KY
sigma_m,1,0.9998042501813728,0.9998042501813728,5624.610426796218,model_3,KY
sigma_t,1,1.001917356004178,1.001917356004178,3293.1980201731185,model_3,KY
theta,1,1.0070918937369024,0.999407991654146,1805.6840563206977,model_3,KY
alpha,1,0.9997025917614416,0.9997025917614416,10123.799046164297,model_1,LA
sigma_a,1,1.000135617717212,1.000135617717212,6417.735091569045,model_1,LA
sigma_m,1,1.0002168578400272,1.0002168578400272,5026.982170498894,model_1,LA
sigma_t,1,1.000029899388449,1.000029899388449,4488.584166617278,model_1,LA
theta,1,1.0068299820721296,0.9993853427616458,4163.145939352636,model_1,LA
alpha_intercept,1,1.000362324025618,1.000362324025618,6626.125174363832,model_2,LA
alpha_trend,1,1.0001755599814734,1.0001755599814734,6120.553548803892,model_2,LA
sigma_ai,1,1.0004782542127617,1.0004782542127617,7541.691700990815,model_2,LA
sigma_at,1,0.9996134131395328,0.9996134131395328,6017.736465404403,model_2,LA
sigma_m,1,1.0001174198322451,1.0001174198322451,4835.025553364069,model_2,LA
sigma_t,1,0.999620698743208,0.999620698743208,4856.123228198347,model_2,LA
theta,1,1.0035690385572411,0.9993781290450354,4356.021697414764,model_2,LA
alpha,1,1.0001713764646427,0.9994448831158044,10278.63171080665,model_3,LA
sigma_a,1,0.999885402975616,0.999885402975616,6106.598072009947,model_3,LA
sigma_m,1,1.0000685977485286,1.0000685977485286,5381.091622093518,model_3,LA
sigma_t,1,0.9994816055858536,0.9994816055858536,5392.48232620211,model_3,LA
theta,1,1.0023350873503474,0.9993497371084068,5127.1842988096005,model_3,LA
alpha,1,0.999927158269142,0.999927158269142,11382.251212574814,model_1,MA
sigma_a,1,0.9996460689700046,0.9996460689700046,7744.226116219885,model_1,MA
sigma_m,1,0.9997777663594266,0.9997777663594266,3593.922275872668,model_1,MA
sigma_t,1,1.0002399743116612,1.0002399743116612,3392.971071274079,model_1,MA
theta,1,1.0029723494883656,0.9993739631568954,5555.551738787753,model_1,MA
alpha_intercept,1,1.0004346403322182,1.0004346403322182,6653.10409324756,model_2,MA
alpha_trend,1,1.0003828776596138,1.0003828776596138,6898.084042534929,model_2,MA
sigma_ai,1,0.9994999249629964,0.9994999249629964,8034.438213414656,model_2,MA
sigma_at,1,1.0000198998556071,1.0000198998556071,5992.195512958625,model_2,MA
sigma_m,1,0.9999006411308142,0.9999006411308142,4372.45760664734,model_2,MA
sigma_t,1,1.001097706032372,1.001097706032372,3250.7906093781303,model_2,MA
theta,1,1.003287784437822,0.999383897964012,5340.139176197182,model_2,MA
alpha,1,1.0007076817280256,0.9993727730598352,6802.14257761669,model_3,MA
sigma_a,1,1.0003724964980103,1.0003724964980103,4986.627405645833,model_3,MA
sigma_m,1,0.9995796233676134,0.9995796233676134,3785.667635154069,model_3,MA
sigma_t,1,1.000235236120263,1.000235236120263,2800.1217999870632,model_3,MA
theta,1,1.006306759588309,0.999392434389361,3655.346603061853,model_3,MA
alpha,1,0.9996463299323372,0.9996463299323372,5596.3502905276955,model_1,MD
sigma_a,1,1.000024077053361,1.000024077053361,5298.1655748769335,model_1,MD
sigma_m,1,1.0001326131515913,1.0001326131515913,4573.366377966552,model_1,MD
sigma_t,1,1.0006230714144242,1.0006230714144242,2887.0170510288644,model_1,MD
theta,1,1.0104028376665513,0.9994936094874396,1612.1691510988112,model_1,MD
alpha_intercept,1,1.0000415941339955,1.0000415941339955,3244.7798071633265,model_2,MD
alpha_trend,1,1.000789448945543,1.000789448945543,3086.160432919807,model_2,MD
sigma_ai,1,0.99977209986959,0.99977209986959,5969.317905311727,model_2,MD
sigma_at,1,0.999505006460794,0.999505006460794,5244.500460653088,model_2,MD
sigma_m,1,1.0005877584936136,1.0005877584936136,3866.455330733987,model_2,MD
sigma_t,1,1.0004191688657609,1.0004191688657609,4327.620314497811,model_2,MD
theta,1,1.0105935838271085,0.9994455085662608,1995.2305369410833,model_2,MD
alpha,1,1.0014418600064767,0.9996734492356474,4893.29624177203,model_3,MD
sigma_a,1,1.001418008205174,1.001418008205174,3521.015583880468,model_3,MD
sigma_m,1,0.9998972843796416,0.9998972843796416,4683.3253448764335,model_3,MD
sigma_t,1,1.00017403957933,1.00017403957933,3089.0049674711954,model_3,MD
theta,1,1.0145632898322825,0.9995469242161756,1567.213274693168,model_3,MD
alpha,1,1.0005071607642568,1.0005071607642568,4482.291082412185,model_1,ME
sigma_a,1,1.0002586167684755,1.0002586167684755,4545.501697168913,model_1,ME
sigma_m,1,1.000612161900509,1.000612161900509,4292.961163417652,model_1,ME
sigma_t,1,1.0020695444232974,1.0020695444232974,2581.0291093703245,model_1,ME
theta,1,1.0201189335015868,0.9999811353964208,872.4857562208649,model_1,ME
alpha_intercept,1,1.0005476801846047,1.0005476801846047,2164.7986609665927,model_2,ME
alpha_trend,1,1.000969060260372,1.000969060260372,2214.660781289961,model_2,ME
sigma_ai,1,1.0000226882253789,1.0000226882253789,5184.866142712289,model_2,ME
sigma_at,1,1.000065860406257,1.000065860406257,6417.622758463517,model_2,ME
sigma_m,1,0.999676685111235,0.999676685111235,4575.271588920625,model_2,ME
sigma_t,1,1.0008465114262697,1.0008465114262697,2927.8835060270617,model_2,ME
theta,1,1.0121682285865572,0.999721122008173,1049.507577354122,model_2,ME
alpha,1,1.001557460738573,0.9994647114691596,4468.7445896895,model_3,ME
sigma_a,1,1.0018563216079304,1.0018563216079304,2456.2618720832215,model_3,ME
sigma_m,1,1.0004342252693836,1.0004342252693836,3910.517529035197,model_3,ME
sigma_t,1,1.00040880983357,1.00040880983357,3141.8954155807223,model_3,ME
theta,1,1.009781837316821,0.9997647153096054,985.8789738700312,model_3,ME
alpha,1,1.0000089884801913,1.0000089884801913,7510.444064370387,model_1,MI
sigma_a,1,0.9994469467330094,0.9994469467330094,6550.832947699799,model_1,MI
sigma_m,1,0.999874857913438,0.999874857913438,3461.6302085235,model_1,MI
sigma_t,1,0.9997086328720022,0.9997086328720022,4746.674858109903,model_1,MI
theta,1,1.0038657799963275,0.999382040566832,4957.733528915294,model_1,MI
alpha_intercept,1,1.000447219728245,1.000447219728245,4975.378966895336,model_2,MI
alpha_trend,1,1.0005631077196355,1.0005631077196355,4652.985060043062,model_2,MI
sigma_ai,1,1.0001178229408698,1.0001178229408698,7218.113012616212,model_2,MI
sigma_at,1,0.9999925059032854,0.9999925059032854,6649.515332808441,model_2,MI
sigma_m,1,1.000472278999631,1.000472278999631,3892.463293210998,model_2,MI
sigma_t,1,1.0009057824834675,1.0009057824834675,3262.4582282767974,model_2,MI
theta,1,1.0058596100552295,0.9993815509662394,3946.902989590631,model_2,MI
alpha,1,1.000045309539249,0.9993812514290152,10130.581096255037,model_3,MI
sigma_a,1,1.0006400622223166,1.0006400622223166,6664.060403750525,model_3,MI
sigma_m,1,1.0003916120105645,1.0003916120105645,4652.466304240328,model_3,MI
sigma_t,1,1.0015698203937526,1.0015698203937526,3183.821870955952,model_3,MI
theta,1,1.0054621100339325,0.9993789680266948,4299.759972838334,model_3,MI
alpha,1,0.9996825980793902,0.9996825980793902,6394.604349578323,model_1,MN
sigma_a,1,0.999949426855823,0.999949426855823,5716.372066575401,model_1,MN
sigma_m,1,1.000057791616251,1.000057791616251,4130.1558945508905,model_1,MN
sigma_t,1,0.999903727349542,0.999903727349542,6042.295428125047,model_1,MN
theta,1,1.001627867761791,0.9993569288135852,6621.409496360212,model_1,MN
alpha_intercept,1,1.0000986364010744,1.0000986364010744,3826.989774874403,model_2,MN
alpha_trend,1,1.0002020564198506,1.0002020564198506,3686.340188180752,model_2,MN
sigma_ai,1,0.9997283624926004,0.9997283624926004,6179.282477247032,model_2,MN
sigma_at,1,0.9997608469800768,0.9997608469800768,5613.521569545288,model_2,MN
sigma_m,1,0.9997166079474292,0.9997166079474292,4799.211989890708,model_2,MN
sigma_t,1,1.0003676755702495,1.0003676755702495,3855.809347579461,model_2,MN
theta,1,1.008149575697898,0.9993767004816784,3263.078921950516,model_2,MN
alpha,1,1.000603917044249,0.9994567917204304,6934.771413882591,model_3,MN
sigma_a,1,1.0009983322356244,1.0009983322356244,5006.6876455028205,model_3,MN
sigma_m,1,1.000065334114801,1.000065334114801,4722.831734639322,model_3,MN
sigma_t,1,0.9996198514816828,0.9996198514816828,5470.266761405911,model_3,MN
theta,1,1.0046395599688729,0.9993691877402894,5544.977969609364,model_3,MN
alpha,1,0.9996201837691812,0.9996201837691812,10748.162444739954,model_1,MO
sigma_a,1,0.9998476778404888,0.9998476778404888,7811.405065530723,model_1,MO
sigma_m,1,1.0011016711101497,1.0011016711101497,4349.03342941651,model_1,MO
sigma_t,1,1.000624226310478,1.000624226310478,3718.452117293364,model_1,MO
theta,1,1.0041822200616175,0.9993729033641072,4124.70057852126,model_1,MO
alpha_intercept,1,0.99975824928863,0.99975824928863,6115.1041748948555,model_2,MO
alpha_trend,1,0.9998385571007736,0.9998385571007736,5911.230650987581,model_2,MO
sigma_ai,1,1.000030159159163,1.000030159159163,6777.0948613154715,model_2,MO
sigma_at,1,1.0000269058243496,1.0000269058243496,6263.5388705401365,model_2,MO
sigma_m,1,1.0003728324316985,1.0003728324316985,4675.712580728981,model_2,MO
sigma_t,1,0.999860812208482,0.999860812208482,4310.683717481285,model_2,MO
theta,1,1.0030928708245392,0.999364027130776,5101.604447684465,model_2,MO
alpha,1,1.0002743107367065,0.9994501073393284,11317.476541988422,model_3,MO
sigma_a,1,0.999996446940349,0.999996446940349,7160.925854408229,model_3,MO
sigma_m,1,1.0006687881701686,1.0006687881701686,4173.472059965986,model_3,MO
sigma_t,1,1.000347714159047,1.000347714159047,3429.453239243533,model_3,MO
theta,1,1.0039333103212098,0.9993594992028916,4951.972983256672,model_3,MO
alpha,1,1.0000508145872256,1.0000508145872256,8341.598145057953,model_1,MS
sigma_a,1,1.0000042297955956,1.0000042297955956,5954.147614636977,model_1,MS
sigma_m,1,0.9999744370633504,0.9999744370633504,4480.345412303108,model_1,MS
sigma_t,1,1.000233423382242,1.000233423382242,5210.799147499691,model_1,MS
theta,1,1.0026597217011408,0.999353681217134,5343.575761361134,model_1,MS
alpha_intercept,1,0.9997491311566862,0.9997491311566862,4849.073047650553,model_2,MS
alpha_trend,1,0.999844845271156,0.999844845271156,5135.065309177107,model_2,MS
sigma_ai,1,0.9997225016288044,0.9997225016288044,6621.0410567893005,model_2,MS
sigma_at,1,1.0000310070361078,1.0000310070361078,5851.800137341018,model_2,MS
sigma_m,1,0.999771612606117,0.999771612606117,4309.779278446946,model_2,MS
sigma_t,1,1.0010027640795385,1.0010027640795385,3413.1902501068303,model_2,MS
theta,1,1.005987149415088,0.9993890440891848,3629.098451879418,model_2,MS
alpha,1,1.0004453741397188,0.9995590397735858,7985.923327062181,model_3,MS
sigma_a,1,0.9995743228687436,0.9995743228687436,5546.086081563031,model_3,MS
sigma_m,1,1.000196987522025,1.000196987522025,4607.802397648567,model_3,MS
sigma_t,1,1.0003197732775553,1.0003197732775553,4682.350733223841,model_3,MS
theta,1,1.003608439502829,0.9993488229755036,5551.5140904736645,model_3,MS
alpha,1,1.0001460843636432,1.0001460843636432,6285.345863736848,model_1,MT
sigma_a,1,1.0000912139690952,1.0000912139690952,5457.918342794022,model_1,MT
sigma_m,1,1.0000485514054134,1.0000485514054134,5067.729427234175,model_1,MT
sigma_t,1,1.0004894114469811,1.0004894114469811,4136.903248061581,model_1,MT
theta,1,1.0135087922120627,1.0000054946181722,928.9969581433642,model_1,MT
alpha_intercept,1,1.0007320850888852,1.0007320850888852,2575.1493123211744,model_2,MT
alpha_trend,1,1.0005523532983174,1.0005523532983174,2561.294283861817,model_2,MT
sigma_ai,1,1.0006133413720586,1.0006133413720586,6124.00821721182,model_2,MT
sigma_at,1,0.9995214588867872,0.9995214588867872,6465.925937820423,model_2,MT
sigma_m,1,0.99968206232026,0.99968206232026,5203.0286315161375,model_2,MT
sigma_t,1,1.0008325965696667,1.0008325965696667,3826.981102650752,model_2,MT
theta,1,1.0124770129030645,0.9996775153095752,937.7547776434257,model_2,MT
alpha,1,1.0005474074859586,0.9993788079532672,6331.194988723507,model_3,MT
sigma_a,1,0.999873577355867,0.999873577355867,3889.263198289462,model_3,MT
sigma_m,1,0.9996561748957546,0.9996561748957546,5463.011665416307,model_3,MT
sigma_t,1,1.0002561249635795,1.0002561249635795,4136.087436231186,model_3,MT
theta,1,1.0127877179471565,0.9995395575490128,1002.554029537288,model_3,MT
alpha,1,0.999750116163274,0.999750116163274,12693.844920544034,model_1,NC
sigma_a,1,0.999500178782108,0.999500178782108,8651.027407864725,model_1,NC
sigma_m,1,0.9999895459652378,0.9999895459652378,4417.762018802471,model_1,NC
sigma_t,1,1.0000206595216825,1.0000206595216825,4988.9640437876515,model_1,NC
theta,1,1.0036460554799889,0.9993634283771282,4031.409131630648,model_1,NC
alpha_intercept,1,0.9996874241100002,0.9996874241100002,8057.636779890056,model_2,NC
alpha_trend,1,0.9996621268622174,0.9996621268622174,7694.988981074762,model_2,NC
sigma_ai,1,0.9993993995591188,0.9993993995591188,8990.401000644035,model_2,NC
sigma_at,1,1.0002393911403056,1.0002393911403056,6570.186555305462,model_2,NC
sigma_m,1,0.9996863292906508,0.9996863292906508,4752.739084584142,model_2,NC
sigma_t,1,0.9999975362610944,0.9999975362610944,5931.0780385708495,model_2,NC
theta,1,1.0036284090591832,0.9993737912430012,3974.248453609929,model_2,NC
alpha,1,1.0000919124605974,0.9993693086440404,12465.81549474823,model_3,NC
sigma_a,1,0.9996817793284803,0.9996817793284803,7903.786605124743,model_3,NC
sigma_m,1,1.0004800404712852,1.0004800404712852,4875.865049808644,model_3,NC
sigma_t,1,1.0004251750013478,1.0004251750013478,5699.9938820034995,model_3,NC
theta,1,1.0036379541203289,0.9993652696654444,4334.445404254947,model_3,NC
alpha,1,0.9997231697236436,0.9997231697236436,8022.098524741991,model_1,ND
sigma_a,1,0.999755151456498,0.999755151456498,6846.698331272041,model_1,ND
sigma_m,1,0.9997919573791282,0.9997919573791282,6650.140950001273,model_1,ND
sigma_t,1,1.0005039537508211,1.0005039537508211,3898.363695429976,model_1,ND
theta,1,1.0089619325737271,0.9993841283318002,1561.5613314410498,model_1,ND
alpha_intercept,1,1.0000449994316811,1.0000449994316811,3009.3665038431473,model_2,ND
alpha_trend,1,0.9999733960161848,0.9999733960161848,2996.3776347870885,model_2,ND
sigma_ai,1,0.999830321279129,0.999830321279129,6695.2668883192155,model_2,ND
sigma_at,1,1.0004273319939794,1.0004273319939794,5886.570692027735,model_2,ND
sigma_m,1,0.9995462227947494,0.9995462227947494,5062.478381659082,model_2,ND
sigma_t,1,1.000364300792587,1.000364300792587,3522.8853784719367,model_2,ND
theta,1,1.0122970926596373,0.999594555413698,1386.868315264288,model_2,ND
alpha,1,1.0005986762621597,0.9995963746703668,6832.411135528076,model_3,ND
sigma_a,1,1.001686871401124,1.001686871401124,3643.144240084856,model_3,ND
sigma_m,1,0.9997257976449544,0.9997257976449544,5662.42897747735,model_3,ND
sigma_t,1,0.9999361089047032,0.9999361089047032,3967.929516904064,model_3,ND
theta,1,1.0104709485382144,0.9995322180081156,1604.9419007347587,model_3,ND
alpha,1,0.9998975588178272,0.9998975588178272,6338.693113880968,model_1,NE
sigma_a,1,0.9997287029598816,0.9997287029598816,5449.235296773998,model_1,NE
sigma_m,1,0.9998197142481864,0.9998197142481864,4961.902577678673,model_1,NE
sigma_t,1,0.9999170953558474,0.9999170953558474,4102.341710236517,model_1,NE
theta,1,1.0140683038246117,0.999439596885445,1476.7882760523776,model_1,NE
alpha_intercept,1,1.000419712613024,1.000419712613024,3073.430056462324,model_2,NE
alpha_trend,1,1.000988556386572,1.000988556386572,2873.4210944175243,model_2,NE
sigma_ai,1,0.999752256524258,0.999752256524258,5362.421231642028,model_2,NE
sigma_at,1,1.0002329660039548,1.0002329660039548,6332.643822068647,model_2,NE
sigma_m,1,1.0006942561205567,1.0006942561205567,4797.505600183899,model_2,NE
sigma_t,1,1.0003859221179203,1.0003859221179203,3344.4668665014133,model_2,NE
theta,1,1.0133893518473762,0.9996623511230498,1197.9190098446377,model_2,NE
alpha,1,1.0008004486597908,0.9996275041714976,5004.186795789173,model_3,NE
sigma_a,1,1.0005855418670273,1.0005855418670273,2460.144955759334,model_3,NE
sigma_m,1,0.9996068802542912,0.9996068802542912,5277.673221220967,model_3,NE
sigma_t,1,0.9996348020423572,0.9996348020423572,3567.3468245250515,model_3,NE
theta,1,1.016178819513138,0.9996682294366184,1170.2677247682757,model_3,NE
alpha,1,0.9995201298886752,0.9995201298886752,16220.688053373398,model_1,NFL
sigma_a,1,0.9996905571257496,0.9996905571257496,8514.6433347152,model_1,NFL
sigma_m,1,0.9994916340065296,0.9994916340065296,9908.816341919372,model_1,NFL
sigma_t,1,1.000462957625282,1.000462957625282,4959.803643182109,model_1,NFL
theta,1,1.000640903464844,0.9993606185302656,10488.941887547497,model_1,NFL
alpha_intercept,1,1.000087150765665,1.000087150765665,6638.682014728555,model_2,NFL
alpha_trend,1,0.999787815560069,0.999787815560069,6561.6964013049355,model_2,NFL
sigma_ai,1,0.9998899469364052,0.9998899469364052,8632.747019733584,model_2,NFL
sigma_at,1,0.9995035816827136,0.9995035816827136,7641.430710091823,model_2,NFL
sigma_m,1,0.9998740712119994,0.9998740712119994,10177.084950557866,model_2,NFL
sigma_t,1,0.9999516008930748,0.9999516008930748,4285.719340191116,model_2,NFL
theta,1,1.000737008321415,0.999376798036814,9451.42642250974,model_2,NFL
alpha,1,0.9999226183038122,0.9994651006056846,13947.709386668892,model_3,NFL
sigma_a,1,0.9994865205574858,0.9994865205574858,9184.79638288665,model_3,NFL
sigma_m,1,0.9994738581784984,0.9994738581784984,11446.215155960132,model_3,NFL
sigma_t,1,1.0002418478566042,1.0002418478566042,5404.207577641303,model_3,NFL
theta,1,1.001033202892125,0.999366573929167,10783.379985794409,model_3,NFL
alpha,1,0.9995744156793678,0.9995744156793678,7249.522851108619,model_1,NH
sigma_a,1,0.9994417123015228,0.9994417123015228,6834.96430150342,model_1,NH
sigma_m,1,1.0005282301224088,1.0005282301224088,5239.5122222727305,model_1,NH
sigma_t,1,1.001571625210634,1.001571625210634,3397.758975440626,model_1,NH
theta,1,1.00845972439341,0.9996779334046804,1314.6298183313693,model_1,NH
alpha_intercept,1,1.0007548469755023,1.0007548469755023,2504.82823838369,model_2,NH
alpha_trend,1,1.0008136221050905,1.0008136221050905,2530.7249404999498,model_2,NH
sigma_ai,1,0.999532009851842,0.999532009851842,5333.926156726479,model_2,NH
sigma_at,1,1.0004722101461028,1.0004722101461028,5358.199695734989,model_2,NH
sigma_m,1,0.99963875305106,0.99963875305106,4072.967824782894,model_2,NH
sigma_t,1,1.0003608196685378,1.0003608196685378,2355.894326584995,model_2,NH
theta,1,1.01147152033092,0.9996068486727596,1173.0521369502453,model_2,NH
alpha,1,1.000413548304257,0.9996184329370684,6572.709786748973,model_3,NH
sigma_a,1,1.0011539429323195,1.0011539429323195,2555.596614496468,model_3,NH
sigma_m,1,0.999859780610838,0.999859780610838,4849.824705555185,model_3,NH
sigma_t,1,0.9998936727144452,0.9998936727144452,3252.8792027941395,model_3,NH
theta,1,1.006900506545206,0.999747901048044,1337.5514869329877,model_3,NH
alpha,1,0.9998922268223625,0.9998922268223625,8816.208119332807,model_1,NJ
sigma_a,1,0.9997136653909204,0.9997136653909204,6983.920300990783,model_1,NJ
sigma_m,1,1.0005226879116271,1.0005226879116271,4633.38221525236,model_1,NJ
sigma_t,1,0.9995765385044634,0.9995765385044634,6478.379196355617,model_1,NJ
theta,1,1.0024963068673185,0.9993649641887564,6140.567856022158,model_1,NJ
alpha_intercept,1,0.999607953464106,0.999607953464106,7735.259338779837,model_2,NJ
alpha_trend,1,0.9994574512181704,0.9994574512181704,7579.207936422739,model_2,NJ
sigma_ai,1,0.9997063607906198,0.9997063607906198,7780.459905932428,model_2,NJ
sigma_at,1,0.9998076582996676,0.9998076582996676,6014.404064389503,model_2,NJ
sigma_m,1,1.000225645484042,1.000225645484042,5000.730115967255,model_2,NJ
sigma_t,1,1.000556018491116,1.000556018491116,4995.623630934285,model_2,NJ
theta,1,1.0033149258591425,0.9993718194563946,4938.176199739912,model_2,NJ
alpha,1,1.0008336083908989,0.9994014605040332,8924.498357541412,model_3,NJ
sigma_a,1,1.0001704303979908,1.0001704303979908,7307.733875549295,model_3,NJ
sigma_m,1,1.0000666553931234,1.0000666553931234,4445.739312196603,model_3,NJ
sigma_t,1,0.9994382490315028,0.9994382490315028,6427.982823702589,model_3,NJ
theta,1,1.0021520088026838,0.9993588188950936,5786.132288026059,model_3,NJ
alpha,1,1.0001897297490006,1.0001897297490006,6465.627801077143,model_1,NM
sigma_a,1,0.9997666346596238,0.9997666346596238,6191.29267865436,model_1,NM
sigma_m,1,1.0012484280045622,1.0012484280045622,2387.985713865952,model_1,NM
sigma_t,1,1.001282410190092,1.001282410190092,1359.66659094406,model_1,NM
theta,1,1.0143476670716491,0.9995540837637426,809.8597618487589,model_1,NM
alpha_intercept,1,0.9998147150153956,0.9998147150153956,2798.2134047221493,model_2,NM
alpha_trend,1,0.9998485504978633,0.9998485504978633,2792.2973777001816,model_2,NM
sigma_ai,1,0.9999362048834388,0.9999362048834388,5791.141149662913,model_2,NM
sigma_at,1,1.0012272032522171,1.0012272032522171,5898.555666415635,model_2,NM
sigma_m,1,1.0015775872177084,1.0015775872177084,2808.370778908519,model_2,NM
sigma_t,1,1.002586455921422,1.002586455921422,1173.5637016803566,model_2,NM
theta,1,1.0198693477446612,0.9999253443455968,795.7889021815442,model_2,NM
alpha,1,1.0016608549063148,0.9995632401683748,5046.553688979491,model_3,NM
sigma_a,1,1.001897792697124,1.001897792697124,2970.9278916411326,model_3,NM
sigma_m,1,1.001445388928514,1.001445388928514,3359.134475447041,model_3,NM
sigma_t,1,1.0051968131847104,1.0051968131847104,1235.4308664160974,model_3,NM
theta,1,1.020419450603702,0.9995253805493848,713.1926483423907,model_3,NM
alpha,1,0.9995823943030608,0.9995823943030608,4676.418686987438,model_1,NV
sigma_a,1,1.0001408247986634,1.0001408247986634,4969.107404632786,model_1,NV
sigma_m,1,1.000349621092892,1.000349621092892,5626.379538512177,model_1,NV
sigma_t,1,1.000679966184444,1.000679966184444,3255.687666426223,model_1,NV
theta,1,1.0145053432457964,0.9998044514746872,919.6141696054034,model_1,NV
alpha_intercept,1,1.0003164352709355,1.0003164352709355,3152.179183790031,model_2,NV
alpha_trend,1,1.000024663919159,1.000024663919159,3110.0540257236503,model_2,NV
sigma_ai,1,0.9994839718670592,0.9994839718670592,5006.786517960964,model_2,NV
sigma_at,1,1.0002606031858647,1.0002606031858647,5878.879616398469,model_2,NV
sigma_m,1,0.9996287039348952,0.9996287039348952,4552.063744570111,model_2,NV
sigma_t,1,1.0012161839967608,1.0012161839967608,2562.1954983296896,model_2,NV
theta,1,1.0099276408858662,0.999825007112432,1152.2317011895702,model_2,NV
alpha,1,1.0009349535237595,0.999535038524953,6356.1778893128785,model_3,NV
sigma_a,1,1.000595516887749,1.000595516887749,3330.367689628647,model_3,NV
sigma_m,1,0.999944370798724,0.999944370798724,5297.986823428461,model_3,NV
sigma_t,1,1.0002158405780437,1.0002158405780437,4098.262127676384,model_3,NV
theta,1,1.01151078373166,0.9996915935096612,1125.7990954224176,model_3,NV
alpha,1,0.9995885286668588,0.9995885286668588,9052.255248744565,model_1,NY
sigma_a,1,0.999925224538982,0.999925224538982,7606.618895893112,model_1,NY
sigma_m,1,1.0004114110995708,1.0004114110995708,5950.4863761545685,model_1,NY
sigma_t,1,1.000249595898172,1.000249595898172,4413.526486111542,model_1,NY
theta,1,1.0103251208163178,0.9993899965769458,2310.494713494418,model_1,NY
alpha_intercept,1,1.0004248177847794,1.0004248177847794,4162.4281834606745,model_2,NY
alpha_trend,1,0.9999050349338018,0.9999050349338018,4502.7195406863675,model_2,NY
sigma_ai,1,0.9999515888542116,0.9999515888542116,6784.912855690755,model_2,NY
sigma_at,1,1.0002778245543995,1.0002778245543995,6817.28479447289,model_2,NY
sigma_m,1,0.9999888663555786,0.9999888663555786,6333.270210394356,model_2,NY
sigma_t,1,1.0002823584646257,1.0002823584646257,4381.977048301267,model_2,NY
theta,1,1.0115198011563522,0.999411574797283,1985.3643824380729,model_2,NY
alpha,1,1.0001645977761362,0.9994654276198152,8956.841175958942,model_3,NY
sigma_a,1,0.9999866800678132,0.9999866800678132,6528.025399515662,model_3,NY
sigma_m,1,1.0002059551972569,1.0002059551972569,4833.983156419712,model_3,NY
sigma_t,1,1.000424539798897,1.000424539798897,4648.551459537853,model_3,NY
theta,1,1.0058830234629308,0.9993748397289745,2938.6058598591853,model_3,NY
alpha,1,0.9995181109466912,0.9995181109466912,11363.029518130948,model_1,OH
sigma_a,1,0.9998651235334168,0.9998651235334168,8122.356270824666,model_1,OH
sigma_m,1,1.0013147144465775,1.0013147144465775,3626.921802614507,model_1,OH
sigma_t,1,1.000979175232486,1.000979175232486,2324.6463405560817,model_1,OH
theta,1,1.0050047507195392,0.9993668844199386,4369.716479328512,model_1,OH
alpha_intercept,1,1.0005807379430096,1.0005807379430096,4926.349558456964,model_2,OH
alpha_trend,1,1.0014188060717089,1.0014188060717089,4807.469965065559,model_2,OH
sigma_ai,1,1.000090156392266,1.000090156392266,8340.554774592167,model_2,OH
sigma_at,1,0.9997462874036366,0.9997462874036366,6297.648313572889,model_2,OH
sigma_m,1,0.9999778043430236,0.9999778043430236,4590.657829348706,model_2,OH
sigma_t,1,1.0006445299495428,1.0006445299495428,2423.8905601018746,model_2,OH
theta,1,1.0051846292011508,0.9993741389170936,3674.691174088809,model_2,OH
alpha,1,0.9999985143561032,0.9994467871111395,11146.572483744738,model_3,OH
sigma_a,1,1.0000598949441195,1.0000598949441195,7156.84244046317,model_3,OH
sigma_m,1,1.0002563866750165,1.0002563866750165,4265.61506210487,model_3,OH
sigma_t,1,1.000793914461713,1.000793914461713,3740.1853855240784,model_3,OH
theta,1,1.004543010916901,0.9993412970297032,4444.039097913534,model_3,OH
alpha,1,1.000030324059054,1.000030324059054,9425.619525872587,model_1,OK
sigma_a,1,0.9998688906369058,0.9998688906369058,7070.2676399556385,model_1,OK
sigma_m,1,0.999661487211078,0.999661487211078,4775.98103284785,model_1,OK
sigma_t,1,0.9998821573798672,0.9998821573798672,5564.428375892775,model_1,OK
theta,1,1.002179324627097,0.9993817171382584,5806.520087340741,model_1,OK
alpha_intercept,1,1.0000110126766668,1.0000110126766668,4680.898203490713,model_2,OK
alpha_trend,1,0.9999872955145748,0.9999872955145748,4721.719319491327,model_2,OK
sigma_ai,1,1.000077300545429,1.000077300545429,5916.382548680936,model_2,OK
sigma_at,1,0.9995134403934136,0.9995134403934136,5533.8030908795,model_2,OK
sigma_m,1,1.0000119036128114,1.0000119036128114,4659.253982577863,model_2,OK
sigma_t,1,1.000011715193044,1.000011715193044,4623.847312629275,model_2,OK
theta,1,1.0055349707625667,0.9993687750572544,3951.085676470223,model_2,OK
alpha,1,1.0001552370199105,0.9994814820392998,8429.950170271723,model_3,OK
sigma_a,1,1.0001521149912287,1.0001521149912287,6472.796248732815,model_3,OK
sigma_m,1,1.0001093268496593,1.0001093268496593,4498.841255235143,model_3,OK
sigma_t,1,0.9996003489057348,0.9996003489057348,6055.778654849947,model_3,OK
theta,1,1.0026596219405206,0.9993455964749672,5390.701070351929,model_3,OK
alpha,1,0.9999628392608496,0.9999628392608496,6590.1707800547565,model_1,OR
sigma_a,1,0.9997016305680804,0.9997016305680804,5797.192156537244,model_1,OR
sigma_m,1,1.0005342214594453,1.0005342214594453,4554.7848718807045,model_1,OR
sigma_t,1,1.0001776142230638,1.0001776142230638,3176.1809482275635,model_1,OR
theta,1,1.007636987193678,0.9994318035791592,1669.0853216016603,model_1,OR
alpha_intercept,1,1.0004584337867402,1.0004584337867402,2664.4219257797467,model_2,OR
alpha_trend,1,1.0003917655275438,1.0003917655275438,2637.3977231145413,model_2,OR
sigma_ai,1,1.0003415437542502,1.0003415437542502,4974.08035695761,model_2,OR
sigma_at,1,0.9995857096632408,0.9995857096632408,5275.477509303329,model_2,OR
sigma_m,1,0.999929082049276,0.999929082049276,4304.51278488452,model_2,OR
sigma_t,1,1.0013814275047623,1.0013814275047623,2800.1100004232535,model_2,OR
theta,1,1.0086901910996708,0.9993989584830166,1650.1400280891849,model_2,OR
alpha,1,1.0008982328131817,0.9996553900803004,5076.88635023169,model_3,OR
sigma_a,1,1.0009541042535977,1.0009541042535977,3705.8141175693554,model_3,OR
sigma_m,1,1.0000183715703266,1.0000183715703266,4200.786711127926,model_3,OR
sigma_t,1,0.9998180653779732,0.9998180653779732,2586.1528021536847,model_3,OR
theta,1,1.0093094296056615,0.9994440229988713,1443.869698622826,model_3,OR
alpha,1,1.0000132175932115,1.0000132175932115,10045.882275884458,model_1,PA
sigma_a,1,0.9995277971086624,0.9995277971086624,7743.790938809431,model_1,PA
sigma_m,1,0.9995918140137268,0.9995918140137268,4641.712154863378,model_1,PA
sigma_t,1,1.000743055414992,1.000743055414992,4041.789189184704,model_1,PA
theta,1,1.0066072372844792,0.9993779294447844,3402.007682755379,model_1,PA
alpha_intercept,1,0.9999679344459756,0.9999679344459756,3648.793063505983,model_2,PA
alpha_trend,1,1.0001658470561483,1.0001658470561483,3521.58990698824,model_2,PA
sigma_ai,1,0.9999506748783384,0.9999506748783384,7878.460821049935,model_2,PA
sigma_at,1,1.0003096073662416,1.0003096073662416,6796.022708510511,model_2,PA
sigma_m,1,1.000099406147044,1.000099406147044,4651.196419320622,model_2,PA
sigma_t,1,1.000196453760395,1.000196453760395,4098.33161856144,model_2,PA
theta,1,1.0060200939014408,0.9993864811649396,2848.417063617003,model_2,PA
alpha,1,1.000271926171234,0.9994013489992752,9492.640050475742,model_3,PA
sigma_a,1,1.0000072603794543,1.0000072603794543,6421.173899565032,model_3,PA
sigma_m,1,0.999689922040232,0.999689922040232,4766.0240872059485,model_3,PA
sigma_t,1,1.0000701261412248,1.0000701261412248,4009.6674018404583,model_3,PA
theta,1,1.005550257096555,0.9993748203726718,3340.441271480012,model_3,PA
alpha,1,0.9996208396904366,0.9996208396904366,10950.874554538615,model_1,RI
sigma_a,1,1.0001441236173798,1.0001441236173798,7570.224104032257,model_1,RI
sigma_m,1,0.9999199388456173,0.9999199388456173,6416.930555303847,model_1,RI
sigma_t,1,1.000761832645939,1.000761832645939,3664.2715962044567,model_1,RI
theta,1,1.0049505172262925,0.9995070833270212,2456.8731652158303,model_1,RI
alpha_intercept,1,1.0002944274140462,1.0002944274140462,2825.0081434307413,model_2,RI
alpha_trend,1,1.0012335750557515,1.0012335750557515,2823.058570171991,model_2,RI
sigma_ai,1,0.999596273395642,0.999596273395642,5540.409348209978,model_2,RI
sigma_at,1,0.9997806969295828,0.9997806969295828,5668.421932598237,model_2,RI
sigma_m,1,1.0002225509888685,1.0002225509888685,3898.471996137448,model_2,RI
sigma_t,1,1.0013796348236113,1.0013796348236113,1975.9209025770936,model_2,RI
theta,1,1.0076935093624666,0.999661121042618,1522.451875889436,model_2,RI
alpha,1,1.0007384113524322,0.9994688566163936,6778.352226164381,model_3,RI
sigma_a,1,1.0015059497469976,1.0015059497469976,1665.49885033552,model_3,RI
sigma_m,1,1.0000950411984009,1.0000950411984009,6143.080548397273,model_3,RI
sigma_t,1,0.9998765691065384,0.9998765691065384,3643.6189073555106,model_3,RI
theta,1,1.0051701723445623,0.9994242646892364,2330.7499095247035,model_3,RI
alpha,1,0.9998008785744048,0.9998008785744048,5129.176252250633,model_1,SC
sigma_a,1,0.9999675533229072,0.9999675533229072,5441.766314881583,model_1,SC
sigma_m,1,0.9996606052900902,0.9996606052900902,4137.860837707975,model_1,SC
sigma_t,1,1.0013457294527683,1.0013457294527683,1602.6928862534912,model_1,SC
theta,1,1.010031589915576,0.9994906484624064,1968.8796165124063,model_1,SC
alpha_intercept,1,1.0002292276429776,1.0002292276429776,3220.3916678921823,model_2,SC
alpha_trend,1,1.000818657651254,1.000818657651254,3249.069189368233,model_2,SC
sigma_ai,1,0.9999644244384508,0.9999644244384508,5431.617465201057,model_2,SC
sigma_at,1,1.0005617748845017,1.0005617748845017,5060.542192016937,model_2,SC
sigma_m,1,0.9997302758254326,0.9997302758254326,4302.970945569251,model_2,SC
sigma_t,1,1.0004207201996502,1.0004207201996502,1427.71730714787,model_2,SC
theta,1,1.0119390343632635,0.9993929070495396,1757.081696876457,model_2,SC
alpha,1,1.001532768895705,0.9995112958614358,5688.865089887921,model_3,SC
sigma_a,1,1.0002244405830154,1.0002244405830154,4400.396918785684,model_3,SC
sigma_m,1,1.000087141849456,1.000087141849456,4728.535530973383,model_3,SC
sigma_t,1,1.0017600137174036,1.0017600137174036,2946.7967212670405,model_3,SC
theta,1,1.011707058392126,0.9994194512691784,2520.3854162073512,model_3,SC
alpha,1,0.9996104313986248,0.9996104313986248,5751.352761225482,model_1,SD
sigma_a,1,1.000382600111387,1.000382600111387,5906.400849161988,model_1,SD
sigma_m,1,1.0000612857884978,1.0000612857884978,3915.8091759608583,model_1,SD
sigma_t,1,1.0024829941998463,1.0024829941998463,2160.839350269105,model_1,SD
theta,1,1.0180551164493796,0.9998770980320942,914.6620613536102,model_1,SD
alpha_intercept,1,1.0001547441626035,1.0001547441626035,2830.4941860594504,model_2,SD
alpha_trend,1,1.0000129533544142,1.0000129533544142,2847.5217328821604,model_2,SD
sigma_ai,1,1.0006656053674396,1.0006656053674396,4943.360606537972,model_2,SD
sigma_at,1,0.9997855846599224,0.9997855846599224,5897.116959948401,model_2,SD
sigma_m,1,1.0005336109816714,1.0005336109816714,4070.4003054598406,model_2,SD
sigma_t,1,1.0002743147864623,1.0002743147864623,2333.460745473448,model_2,SD
theta,1,1.0161991214850394,0.9996294424665776,891.3377685944695,model_2,SD
alpha,1,1.0004269312044487,0.9994690781323822,6988.809452534121,model_3,SD
sigma_a,1,1.0006476075487565,1.0006476075487565,2928.5054009517253,model_3,SD
sigma_m,1,1.000207277988712,1.000207277988712,4425.509929551414,model_3,SD
sigma_t,1,1.001493315774378,1.001493315774378,2820.5964636777703,model_3,SD
theta,1,1.0135773964487522,0.9996379228273156,1106.3922176336912,model_3,SD
alpha,1,0.9995637524399628,0.9995637524399628,8424.985654517366,model_1,TN
sigma_a,1,0.9995358754788728,0.9995358754788728,6462.184581777603,model_1,TN
sigma_m,1,1.000129900492542,1.000129900492542,4821.746979028563,model_1,TN
sigma_t,1,0.9997010820460924,0.9997010820460924,5623.26447005804,model_1,TN
theta,1,1.002572972786033,0.999358827640218,5184.539192104323,model_1,TN
alpha_intercept,1,0.999749412001482,0.999749412001482,7369.712286531323,model_2,TN
alpha_trend,1,0.9999735780007688,0.9999735780007688,6841.378573263962,model_2,TN
sigma_ai,1,1.0005222691240911,1.0005222691240911,7166.001210903739,model_2,TN
sigma_at,1,1.0009583708648635,1.0009583708648635,5649.034843569437,model_2,TN
sigma_m,1,1.0001812058038495,1.0001812058038495,4924.903920685686,model_2,TN
sigma_t,1,0.9997843122489598,0.9997843122489598,5835.278488254177,model_2,TN
theta,1,1.0034671085845013,0.9993614204131712,5177.4493714277305,model_2,TN
alpha,1,1.0001191753834942,0.9994208111955628,13272.41188246322,model_3,TN
sigma_a,1,0.9995250855427176,0.9995250855427176,9890.633815693536,model_3,TN
sigma_m,1,1.0005908140586368,1.0005908140586368,5094.524834217585,model_3,TN
sigma_t,1,1.0001503339444269,1.0001503339444269,5730.014652478443,model_3,TN
theta,1,1.0034380953889843,0.9993616727866697,4583.398093250998,model_3,TN
alpha,1,0.9995213892145736,0.9995213892145736,9465.090781736686,model_1,TX
sigma_a,1,0.9998053301151136,0.9998053301151136,7391.496611490677,model_1,TX
sigma_m,1,1.0013067597747447,1.0013067597747447,3397.189399402101,model_1,TX
sigma_t,1,1.0003965756807702,1.0003965756807702,1664.9934977832074,model_1,TX
theta,1,1.004637379113971,0.9993819812466688,3831.4132373598873,model_1,TX
alpha_intercept,1,1.0020443858840231,1.0020443858840231,3843.2661677737383,model_2,TX
alpha_trend,1,1.0023740428961243,1.0023740428961243,3833.030155499429,model_2,TX
sigma_ai,1,0.999725391942233,0.999725391942233,5784.1079712435485,model_2,TX
sigma_at,1,0.9997935646202668,0.9997935646202668,6639.259337997474,model_2,TX
sigma_m,1,1.0003409328618005,1.0003409328618005,3197.212392718661,model_2,TX
sigma_t,1,1.001367253707101,1.001367253707101,1612.5525163871512,model_2,TX
theta,1,1.0075311534070428,0.9993626643514216,3308.447037519836,model_2,TX
alpha,1,1.0003737804915864,0.9994699222847018,8694.616577549436,model_3,TX
sigma_a,1,0.9998738099410156,0.9998738099410156,5900.735951755212,model_3,TX
sigma_m,1,0.999949664933402,0.999949664933402,3387.5957574773447,model_3,TX
sigma_t,1,1.0010480359636749,1.0010480359636749,1747.230505688038,model_3,TX
theta,1,1.0065916351564708,0.9993691623928888,3723.2122841647065,model_3,TX
alpha,1,1.000387410412909,1.000387410412909,6342.63455600868,model_1,UT
sigma_a,1,0.9997087811607906,0.9997087811607906,6337.679625094536,model_1,UT
sigma_m,1,1.000878891586997,1.000878891586997,4587.6438153317,model_1,UT
sigma_t,1,1.0030744546700012,1.0030744546700012,1424.945518262718,model_1,UT
theta,1,1.0083637140538635,0.9994784772560966,1451.8154691695922,model_1,UT
alpha_intercept,1,1.000613122550016,1.000613122550016,1703.0158524426222,model_2,UT
alpha_trend,1,1.0003014289336358,1.0003014289336358,2032.733385519821,model_2,UT
sigma_ai,1,1.0010187208742236,1.0010187208742236,5576.920390877187,model_2,UT
sigma_at,1,1.0007478761466566,1.0007478761466566,4966.475980485213,model_2,UT
sigma_m,1,1.0015925569182649,1.0015925569182649,2646.071753051156,model_2,UT
sigma_t,1,1.0040430874070727,1.0040430874070727,1216.7851150433478,model_2,UT
theta,1,1.0176490378226128,0.9994690945655592,1133.7329694682007,model_2,UT
alpha,1,1.0003608632067396,0.9995432420259304,6149.353760953966,model_3,UT
sigma_a,1,1.000079736314927,1.000079736314927,4077.2274815976766,model_3,UT
sigma_m,1,1.0002978885855436,1.0002978885855436,3469.714964448753,model_3,UT
sigma_t,1,1.0015136653428756,1.0015136653428756,1199.358428402904,model_3,UT
theta,1,1.0114704312885714,0.9996253529195024,1426.1091059968885,model_3,UT
alpha,1,0.9994814941228174,0.9994814941228174,6359.02735344704,model_1,VA
sigma_a,1,0.9999858611286452,0.9999858611286452,5159.379179707983,model_1,VA
sigma_m,1,1.000015658515565,1.000015658515565,4167.7791292113625,model_1,VA
sigma_t,1,1.0018921794395634,1.0018921794395634,3228.9543444566,model_1,VA
theta,1,1.0079816190125157,0.9993720206537454,3175.3464485502527,model_1,VA
alpha_intercept,1,1.0002004361088574,1.0002004361088574,6745.149360742065,model_2,VA
alpha_trend,1,1.000012852095488,1.000012852095488,6874.592934925935,model_2,VA
sigma_ai,1,1.000011750435003,1.000011750435003,6599.758411709998,model_2,VA
sigma_at,1,1.0003459893115405,1.0003459893115405,5948.869559375969,model_2,VA
sigma_m,1,0.9995900994248764,0.9995900994248764,5258.842575917657,model_2,VA
sigma_t,1,1.000065756391812,1.000065756391812,5605.044024124677,model_2,VA
theta,1,1.0036291226074945,0.9993924163276384,4718.895686867037,model_2,VA
alpha,1,0.9998999071519116,0.999392005852324,9841.35951120517,model_3,VA
sigma_a,1,0.999838244457126,0.999838244457126,5726.396438287828,model_3,VA
sigma_m,1,0.9995354859000888,0.9995354859000888,4094.894707353756,model_3,VA
sigma_t,1,0.9996690174080568,0.9996690174080568,5582.898243614427,model_3,VA
theta,1,1.0033587355300888,0.9993420243692072,4084.3332692015906,model_3,VA
alpha,1,0.9997930626979064,0.9997930626979064,10132.280637707796,model_1,VT
sigma_a,1,1.0001801217868145,1.0001801217868145,6763.140367099174,model_1,VT
sigma_m,1,1.0001794399484905,1.0001794399484905,5398.287029617221,model_1,VT
sigma_t,1,1.000192191414633,1.000192191414633,4005.213173787139,model_1,VT
theta,1,1.0055215352225408,0.9995498150806632,2249.303189960988,model_1,VT
alpha_intercept,1,0.999708821422901,0.999708821422901,3544.894969792808,model_2,VT
alpha_trend,1,0.9996528852656412,0.9996528852656412,3780.828884568269,model_2,VT
sigma_ai,1,0.9996116398981768,0.9996116398981768,6297.625478716287,model_2,VT
sigma_at,1,0.9996730130184404,0.9996730130184404,7149.30954038224,model_2,VT
sigma_m,1,1.0000278450684674,1.0000278450684674,5046.3396813402915,model_2,VT
sigma_t,1,1.000127040607161,1.000127040607161,3605.0022215795857,model_2,VT
theta,1,1.0047821253765363,0.9994791799382294,2115.0406894977077,model_2,VT
alpha,1,1.0005668731551205,0.9994644046143591,7690.896541049544,model_3,VT
sigma_a,1,1.0008214708589092,1.0008214708589092,4757.746992739468,model_3,VT
sigma_m,1,0.9995505420282312,0.9995505420282312,4837.059900545063,model_3,VT
sigma_t,1,1.0001229966127003,1.0001229966127003,4314.505645359284,model_3,VT
theta,1,1.0045620036553826,0.999452103050199,2927.0650297886723,model_3,VT
alpha,1,1.0003189412564926,1.0003189412564926,6105.729597181799,model_1,WA
sigma_a,1,0.99968760703786,0.99968760703786,6286.603012243712,model_1,WA
sigma_m,1,0.9998700883975092,0.9998700883975092,3729.1910639601742,model_1,WA
sigma_t,1,1.000209183972024,1.000209183972024,4284.502559098808,model_1,WA
theta,1,1.0059311228044066,0.9994086174466555,3831.817161053157,model_1,WA
alpha_intercept,1,1.000643264406608,1.000643264406608,5356.553431953916,model_2,WA
alpha_trend,1,1.0000700685379162,1.0000700685379162,5680.275366194214,model_2,WA
sigma_ai,1,0.999716929212076,0.999716929212076,7110.494198994423,model_2,WA
sigma_at,1,0.9995382019372102,0.9995382019372102,5814.187797667054,model_2,WA
sigma_m,1,1.0003359324137855,1.0003359324137855,5069.079079716948,model_2,WA
sigma_t,1,1.0000548415432131,1.0000548415432131,5379.295650119561,model_2,WA
theta,1,1.0028216650647297,0.9993938216763516,5124.332833033171,model_2,WA
alpha,1,1.001310231305792,0.9994779922532552,6262.4877260234225,model_3,WA
sigma_a,1,0.9997378069217726,0.9997378069217726,4507.633250291238,model_3,WA
sigma_m,1,0.9999564520062092,0.9999564520062092,4518.298965050122,model_3,WA
sigma_t,1,0.9998885606543654,0.9998885606543654,4801.724825885039,model_3,WA
theta,1,1.0065618668183849,0.9993613279742048,4143.491615927713,model_3,WA
alpha,1,0.9997058371025982,0.9997058371025982,14212.875422558162,model_1,WI
sigma_a,1,0.999919447176096,0.999919447176096,8639.629301294548,model_1,WI
sigma_m,1,1.0005695113462487,1.0005695113462487,5480.516170148281,model_1,WI
sigma_t,1,1.0001125596568154,1.0001125596568154,4387.887856780065,model_1,WI
theta,1,1.003793347932325,0.9994035779801658,4304.061339090787,model_1,WI
alpha_intercept,1,1.0000493352230917,1.0000493352230917,4727.560830687665,model_2,WI
alpha_trend,1,1.000302757174546,1.000302757174546,4574.124507426358,model_2,WI
sigma_ai,1,0.999781076909848,0.999781076909848,6615.862256788921,model_2,WI
sigma_at,1,1.0002061209869404,1.0002061209869404,6619.592624423954,model_2,WI
sigma_m,1,0.9996741717371004,0.9996741717371004,5390.4121549525025,model_2,WI
sigma_t,1,1.0002297085319096,1.0002297085319096,3110.2205452737767,model_2,WI
theta,1,1.0065516768476488,0.9993888650701932,3101.062333853393,model_2,WI
alpha,1,1.0000251700787204,0.999401540942968,12594.230191273544,model_3,WI
sigma_a,1,0.9996950165496382,0.9996950165496382,7848.30381693593,model_3,WI
sigma_m,1,1.0005995147280746,1.0005995147280746,4705.868879355559,model_3,WI
sigma_t,1,1.000605399596502,1.000605399596502,4080.153100280207,model_3,WI
theta,1,1.0038456384491654,0.9993931649973916,4131.845055986194,model_3,WI
alpha,1,1.0001366063070969,1.0001366063070969,6372.371602763601,model_1,WV
sigma_a,1,0.9997622497449512,0.9997622497449512,6294.3445828871845,model_1,WV
sigma_m,1,1.0008874554710527,1.0008874554710527,4133.157074822045,model_1,WV
sigma_t,1,1.001446461745936,1.001446461745936,2455.9526990222334,model_1,WV
theta,1,1.005834239810664,0.999538979313628,2043.0780116778576,model_1,WV
alpha_intercept,1,0.9999880030672222,0.9999880030672222,2437.1342914472903,model_2,WV
alpha_trend,1,1.0000302916300716,1.0000302916300716,2454.161604817374,model_2,WV
sigma_ai,1,1.0000643088000198,1.0000643088000198,5592.405963088845,model_2,WV
sigma_at,1,1.000061535138509,1.000061535138509,5485.921837282784,model_2,WV
sigma_m,1,1.0000347045462763,1.0000347045462763,3819.177845827032,model_2,WV
sigma_t,1,1.0006010271474768,1.0006010271474768,2186.1082451316397,model_2,WV
theta,1,1.0077855912031246,0.9995650721780284,1682.3482892201118,model_2,WV
alpha,1,1.000863558093972,0.9995274945372272,6014.741193141671,model_3,WV
sigma_a,1,1.001338505022772,1.001338505022772,2629.703846619284,model_3,WV
sigma_m,1,1.0001608080598068,1.0001608080598068,4373.299781476638,model_3,WV
sigma_t,1,1.0013927853996614,1.0013927853996614,2710.6730252901643,model_3,WV
theta,1,1.0060489201010958,0.9994599388286016,1937.272460218164,model_3,WV
alpha,1,0.999704226037872,0.999704226037872,6035.51408618519,model_1,WY
sigma_a,1,0.9998074043700024,0.9998074043700024,4595.028715880272,model_1,WY
sigma_m,1,1.0011708657855731,1.0011708657855731,4901.818623802123,model_1,WY
sigma_t,1,1.000272637297403,1.000272637297403,3311.219697971706,model_1,WY
theta,1,1.013325108072111,0.9999826330489144,989.9523794961996,model_1,WY
alpha_intercept,1,1.0005297241181748,1.0005297241181748,4131.458663674146,model_2,WY
alpha_trend,1,1.0003059069543103,1.0003059069543103,4056.611933448085,model_2,WY
sigma_ai,1,0.9998350834192454,0.9998350834192454,4799.418090989622,model_2,WY
sigma_at,1,0.9999926870480448,0.9999926870480448,5630.464245167343,model_2,WY
sigma_m,1,0.999527949089858,0.999527949089858,5473.888205736054,model_2,WY
sigma_t,1,1.0005495193158929,1.0005495193158929,4812.642780343872,model_2,WY
theta,1,1.010670766776926,0.9998071044441148,1415.7054451509402,model_2,WY
alpha,1,1.000327967591514,0.99960260911565,6812.87706246283,model_3,WY
sigma_a,1,0.9999219234577748,0.9999219234577748,3389.440073907304,model_3,WY
sigma_m,1,1.000140057648045,1.000140057648045,4961.463391842576,model_3,WY
sigma_t,1,0.9998636299695512,0.9998636299695512,3771.983846364014,model_3,WY
theta,1,1.013813703747952,0.9996898343590668,1179.4479245997743,model_3,WY
